<?xml version="1.0" encoding="UTF-8" standalone="yes"?>
<addon id="plugin.video.teleboyNG"
       name="Teleboy NG"
       version="1.0.3"
       provider-name="Filippo Labadini">
  <requires>
    <import addon="xbmc.python" version="2.1.0" />
	<import addon="script.module.mindmadetools" version="0.2.3" />
	<import addon="script.module.dateutil" version="2.4.2"/>
  </requires>
  <extension point="xbmc.python.pluginsource"
            library="teleboy.py">
        <provides>video</provides>
  </extension>
  <extension point="xbmc.addon.metadata">
    <platform>all</platform>
    <summary>Live-TV provided by teleboy.ch</summary>
    <description>
Steps to be done before using the teleboy addon:
--------------------------------------------------------------------------------
* open &quot;http://www.teleboy.ch&quot; in your browser
* sign up (free) and login
* create your preferred channel list
* enter your login and password in the addon settings
* enjoy!
    </description>
  </extension>
</addon>
